Izq,Der,varianzaBoots,longitud,exito
0.27312004384366745,0.29885059705221356,6.117637543537239e-5,0.025730553208546114,1
0.2643931822677373,0.29612046149173527,9.301460723480557e-5,0.031727279223997984,1
0.2727578002071326,0.30011288255401214,6.914512212619001e-5,0.027355082346879556,1
0.2673075094131103,0.29895989470110995,9.257599364218543e-5,0.03165238528799963,1
0.26804245135036414,0.29362885426435953,6.049283860940597e-5,0.025586402913995387,1
0.2727516083487416,0.2992412025804145,6.483896992085872e-5,0.026489594231672853,1
0.26271260530733764,0.2956281178149882,1.0011213846901068e-4,0.03291551250765057,1
0.2741186564245466,0.3087346083176655,1.1072305303883579e-4,0.034615951893118946,1
0.26765915292920966,0.29614756180172747,7.499319950482052e-5,0.0284884088725178,1
0.2698407550498932,0.30098496617239584,8.962726924370558e-5,0.031144211122502652,1
0.27059672783952526,0.30244243335197907,9.371028194453876e-5,0.031845705512453804,1
0.2594264528281107,0.281953057227326,4.6889646605991235e-5,0.022526604399215278,1
0.26908826830989496,0.2995622721247143,8.581130965572693e-5,0.03047400381481935,1
0.2648246883164852,0.28872587618210444,5.278669434442926e-5,0.023901187865619233,1
0.27381203917383135,0.2988112402291785,5.774810717414839e-5,0.024999201055347142,1
0.26635075201360475,0.2968569860782016,8.599291903769526e-5,0.03050623406459685,1
0.26184546556809785,0.28918308315357255,6.905685936391e-5,0.027337617585474705,1
0.26732464379513626,0.3005357967910302,1.019185888187345e-4,0.033211152995893944,1
0.2690336272953838,0.2960940043831862,6.766330134391523e-5,0.0270603770878024,1
0.2648382716235819,0.29006073817675776,5.87841989807159e-5,0.025222466553175837,1
0.2593768375565939,0.2828976775733777,5.112003600031899e-5,0.023520840016783784,1
0.2722226977143442,0.30239308203850684,8.410991227010422e-5,0.030170384324162636,1
0.26309945457866385,0.2884812656531231,5.952929091236328e-5,0.02538181107445925,1
0.27249356745370795,0.2965927839021572,5.366502546374627e-5,0.024099216448449257,1
0.2671563594393911,0.2921169252480489,5.7569750408670136e-5,0.024960565808657798,1
0.26950868461810745,0.3015929410291805,9.511947663354574e-5,0.03208425641107304,1
0.26921398700541505,0.3015539763066037,9.664185086528925e-5,0.03233998930118864,1
0.26665668096193273,0.29205714525453996,5.9616819802265115e-5,0.025400464292607228,1
0.2613583855595857,0.28735656433965884,6.245559453660956e-5,0.025998178780073156,1
0.2676935544505324,0.29182891685226914,5.3826128479049966e-5,0.02413536240173675,1
0.26464933503051785,0.2901915105668446,6.028388955839702e-5,0.02554217553632676,1
0.2730772661652221,0.29960036651129274,6.500310047717713e-5,0.026523100346070638,1
0.27935887205876836,0.309950377601739,8.647432828781699e-5,0.030591505542970632,1
0.27001501323989224,0.29912228772628874,7.828680655119023e-5,0.029107274486396495,1
0.26304879190305164,0.2924028591999125,7.961998037439878e-5,0.029354067296860853,1
0.2626596522368903,0.2863032437970026,5.1655003084058764e-5,0.02364359156011231,1
0.26686412423809763,0.293896789940502,6.752479006313724e-5,0.027032665702404368,1
0.2773027455708093,0.3004179491770205,4.9372025142287694e-5,0.02311520360621122,1
0.26891239304256787,0.2969414293078716,7.259418369094198e-5,0.02802903626530373,1
0.260701397744596,0.28470599909119154,5.32444678477389e-5,0.024004601346595544,1
0.27441901926840845,0.3002143664125759,6.148486852806633e-5,0.025795347144167424,1
0.2700604956482525,0.29500088265946045,5.747670614264817e-5,0.024940387011207932,1
0.27336427669323715,0.2993121008813018,6.221389450200347e-5,0.025947824188064628,1
0.26715694137648777,0.2954577864393538,7.400896020168886e-5,0.02830084506286601,1
0.2646208398894531,0.29472366558437085,8.373365002204108e-5,0.030102825694917734,1
0.26965424524658793,0.29624444912830367,6.533243269489515e-5,0.026590203881715735,1
0.2648673707160768,0.29135235864361475,6.481642204452793e-5,0.02648498792753795,1
0.2704547798435974,0.29542457603227384,5.761233669711112e-5,0.024969796188676452,1
0.26429170080247166,0.292515262435719,7.360530747158545e-5,0.02822356163324735,1
0.2588267318512006,0.2865772190933074,7.115848952718192e-5,0.027750487242106825,1
0.2702059327448803,0.29785847993219833,7.06570952306613e-5,0.027652547187318022,1
0.26700830350927696,0.29488844965380134,7.182499211604125e-5,0.027880146144524387,1
0.271568605720073,0.3002155258343866,7.583005465996529e-5,0.02864692011431358,1
0.2602516375308878,0.29373465238074775,1.0359400084102321e-4,0.03348301484985994,1
0.2717169110932483,0.3034110621154253,9.28204652836026e-5,0.031694151022176986,1
0.2637760817670217,0.2939946927972098,8.437902292897388e-5,0.03021861103018808,1
0.2718938492274634,0.29834097014579153,6.463121150483663e-5,0.026447120918328126,1
0.2767255667818334,0.3065562475110421,8.222650346097528e-5,0.029830680729208692,1
0.26451549001866426,0.29280814119342014,7.396611106769759e-5,0.02829265117475588,1
0.27296280142238144,0.3049279066300073,9.441429866778978e-5,0.031965105207625855,1
0.2623083446617045,0.2855017479999271,4.970664559048197e-5,0.023193403338222618,1
0.2659799765530793,0.2907651800431718,5.676367081772533e-5,0.0247852034900925,1
0.2610021527928913,0.2920448381708374,8.904387711972079e-5,0.031042685377946078,1
0.26701405293371183,0.29734850352578424,8.502717738001905e-5,0.030334450592072404,1
0.2647809921942819,0.29353760556084535,7.641189527581443e-5,0.028756613366563433,1
0.26118309728477973,0.28420414301705565,4.8970618620569396e-5,0.023021045732275924,1
0.26790554034151925,0.2979742718347479,8.354408540761812e-5,0.03006873149322864,1
0.2698800984178247,0.29701121851500134,6.80175434452168e-5,0.027131120097176664,1
0.2665648939048486,0.2927095052189199,6.316112754806999e-5,0.02614461131407131,1
0.2703743663179326,0.2989127539478495,7.525655957240038e-5,0.028538387629916895,1
0.26412794267936246,0.2971085259960632,1.005083539005212e-4,0.03298058331670073,1
0.2658804219193383,0.2908773658059047,5.773767953369116e-5,0.02499694388656637,1
0.2624547773564732,0.289743699114461,6.881105989873681e-5,0.027288921757987805,1
0.26235313065039656,0.29008987443321965,7.108802434030726e-5,0.027736743782823092,1
0.2651682961278982,0.2919347219490795,6.620126079996204e-5,0.026766425821181272,1
0.26882426809211085,0.2937649703279385,5.7478159062149934e-5,0.024940702235827672,1
0.2647378891340568,0.2898570174015146,5.830349942835799e-5,0.02511912826745777,1
0.26709461410335483,0.2919279074670757,5.698415768883023e-5,0.024833293363720865,1
0.27036414084550875,0.3043852141339757,1.0695017908021604e-4,0.03402107328846693,1
0.2754729487493982,0.3017318465008251,6.371452933754769e-5,0.02625889775142687,1
0.2685325226167526,0.2950686312624217,6.5066877875206e-5,0.026536108645669132,1
0.27070459299035365,0.2999696511653248,7.913785571324294e-5,0.02926505817497116,1
0.2672375979424526,0.2965053062529486,7.91521892257571e-5,0.029267708310495966,1
0.2603803820465742,0.2882242807107057,7.16383515892962e-5,0.027843898664131506,1
0.2585930729194363,0.2861480099614883,7.015915362975698e-5,0.02755493704205203,1
0.2626490552808661,0.2928605585096839,8.433933356007047e-5,0.030211503228817826,1
0.26979729418153364,0.2984679826548734,7.595593930408094e-5,0.028670688473339756,1
0.2635650762001507,0.2839007887166767,3.8212397118295034e-5,0.020335712516525994,1
0.26111828197210235,0.2854264571728828,5.459969425896704e-5,0.024308175200780435,1
0.26119928726200725,0.28631484575684063,5.828692915212308e-5,0.02511555849483338,1
0.26817511369050007,0.29377182025042903,6.0541569358583035e-5,0.02559670655992896,1
0.25948822900159424,0.2925379708357017,1.0093031712794589e-4,0.03304974183410747,1
0.2539048556366214,0.2837833509120559,8.249031064099472e-5,0.029878495275434513,1
0.27337233351691587,0.29731150907610987,5.295462225772299e-5,0.023939175559194004,1
0.2638828238380128,0.2953480400270562,9.14843770411978e-5,0.03146521618904341,1
0.25921569522882243,0.28833137452241536,7.833202414880376e-5,0.029115679293592933,1
0.2651675375705152,0.2894327638119369,5.44069254973623e-5,0.02426522624142169,1
0.27219136173425085,0.2983368652673305,6.316543853357151e-5,0.02614550353307965,1
0.26612768760501665,0.29199859678952017,6.184561007694198e-5,0.02587090918450352,1
0.264076655580805,0.28936954761109296,5.911292852157254e-5,0.02529289203028795,1
0.26493217180091583,0.2916508699794563,6.596538222989163e-5,0.026718698178540445,1
0.26536051520846166,0.29384341677143627,7.496420730353303e-5,0.028482901562974616,1
0.26860132565464234,0.29739763754703485,7.662301425511558e-5,0.028796311892392512,1
0.2743365352352991,0.30351810814007496,7.868698208374051e-5,0.029181572904775854,1
0.26120215554537746,0.2911612154661029,8.293576563841483e-5,0.02995905992072545,1
0.2694322126538592,0.29994611795433057,8.60361728137026e-5,0.030513905300471378,1
0.26806983177319715,0.2932079377031009,5.839163004261787e-5,0.02513810592990373,1
0.2753936956682955,0.3006825006395143,5.909382603930116e-5,0.02528880497121877,1
0.27067218709384444,0.2973892328615787,6.595722325903897e-5,0.02671704576773426,1
0.26612593426208186,0.2960224967139097,8.259010265415256e-5,0.029896562451827813,1
0.2642556730132206,0.29307256981786833,7.673260063451485e-5,0.028816896804647718,1
0.26445472548227505,0.2948138867353614,8.516576129979949e-5,0.030359161253086353,1
0.26165213600487197,0.29628029697050456,1.1080117102228187e-4,0.03462816096563259,1
0.2649387314693279,0.29720289700462654,9.61892125696059e-5,0.03226416553529865,1
0.26609770443431746,0.2937699266636994,7.075767734881247e-5,0.027672222229381926,1
0.27157684070482363,0.2976464028451809,6.279903480770189e-5,0.026069562140357272,1
0.2646529864653876,0.2868384823151109,4.548034752066598e-5,0.02218549584972329,1
0.2687553303374134,0.29623796842747174,6.979146788844076e-5,0.027482638090058353,1
0.26877656503212705,0.2928012263908271,5.333349502541973e-5,0.024024661358700072,1
0.2685770469884519,0.3003199953314238,9.310650397975906e-5,0.031742948342971866,1
0.2714703555116295,0.3003209609813639,7.691222208151211e-5,0.02885060546973439,1
0.2695821676526679,0.2971540712147323,7.024557902452471e-5,0.027571903562064404,1
0.2638603347860015,0.29454932934631345,8.702635931583538e-5,0.030688994560311933,1
0.27787396732370234,0.3046268068414962,6.61340719903654e-5,0.026752839517793836,1
0.261426331254925,0.296124175268488,1.1124755521549061e-4,0.03469784401356302,1
0.2678907743355328,0.294458573380637,6.522238120335749e-5,0.0265677990451042,1
0.26415168549598966,0.2866080007080327,4.6597486000390276e-5,0.022456315212043054,1
0.26160363531011,0.2851270816703534,5.113136584681667e-5,0.023523446360243394,1
0.26260913844371653,0.28849919937805496,6.193721026445942e-5,0.025890060934338432,1
0.26808939127206827,0.30012980458252253,9.485969293440626e-5,0.03204041331045426,1
0.2661115129297488,0.2911521282884363,5.793959958327347e-5,0.025040615358687512,1
0.2725120605548868,0.2945231541371805,4.476810749011602e-5,0.022011093582293695,1
0.27277736831514954,0.3001711730415678,6.93410168900832e-5,0.02739380472641828,1
0.2717391522538556,0.3000956552468048,7.43003462734978e-5,0.02835650299294923,1
0.26944171989378046,0.29777848136643986,7.419692793539564e-5,0.0283367614726594,1
0.26055586448894286,0.28460649216386325,5.3448845063093294e-5,0.02405062767492039,1
0.2670412652904182,0.2988688983077719,9.360395061793934e-5,0.031827633017353696,1
0.26830186483996815,0.2979280347056184,8.110292403359493e-5,0.029626169865650254,1
0.26475670446162414,0.291979548556899,6.847822380323047e-5,0.027222844095274867,1
0.2606526640335043,0.283886235062646,4.987896442294018e-5,0.023233571029141697,1
0.27021073158768627,0.3034069599370812,1.0182700770866206e-4,0.03319622834939495,1
0.2593463989995942,0.2852380898970672,6.194500928413516e-5,0.025891690897473008,1
0.26318889480564356,0.2934674188051898,8.471394297912157e-5,0.030278523999546225,1
0.267011498922422,0.29608078304728774,7.8082582470913e-5,0.029069284124865757,1
0.2709500182199865,0.29745014677308185,6.489055020236012e-5,0.02650012855309536,1
0.26944367962860427,0.30150983488710925,9.501217874601983e-5,0.03206615525850498,1
0.27275198560075037,0.306295127707045,1.0396639357796434e-4,0.03354314210629461,1
0.27148190685567747,0.29825601511492,6.623926812120952e-5,0.026774108259242535,1
0.2656392621170708,0.29462355939596663,7.762668600644347e-5,0.028984297278895843,1
0.2706501562478959,0.2985296341034882,7.182154885776314e-5,0.027879477855592305,1
0.2782168540243967,0.30298789852981295,5.669883484596135e-5,0.02477104450541623,1
0.2591771637512608,0.28858085006965434,7.988938117051497e-5,0.029403686318393518,1
0.2669364419409862,0.29565545275000027,7.621219136212574e-5,0.028719010809014067,1
0.2678968018805619,0.296282573995108,7.445380865342095e-5,0.02838577211454607,1
0.26954457912069285,0.2939651642256562,5.510583982360697e-5,0.024420585104963366,1
0.27182909591112575,0.29644019663693516,5.5969003012968976e-5,0.02461110072580941,1
0.26672482189218977,0.2952730349725569,7.530838849107818e-5,0.028548213080367146,1
0.26024303479573924,0.2852649090327947,5.7852904689748694e-5,0.025021874237055486,1
0.26567324076168547,0.2924245811997274,6.612666062974862e-5,0.02675134043804195,1
0.26301613445595573,0.2903223069170614,6.889808527626671e-5,0.02730617246110567,1
0.26522206627201256,0.2907037998179746,5.999892032084401e-5,0.02548173354596206,1
0.25824498944710284,0.2853403396226373,6.783831174689976e-5,0.02709535017553444,1
0.26223524493651307,0.28993211073550396,7.088376033344797e-5,0.02769686579899089,1
0.2649063672419815,0.292390992906814,6.980156304572574e-5,0.02748462566483245,1
0.25792723782201776,0.284358207318432,6.455229424082133e-5,0.026430969496414214,1
0.26700223642772536,0.28933823429465333,4.609949989494972e-5,0.02233599786692797,1
0.2692320216584715,0.3009984357677359,9.324421160504551e-5,0.031766414109264396,1
0.2693308093497025,0.2980825621863968,7.63860667189643e-5,0.02875175283669429,1
0.26536015624602205,0.29477551737236296,7.995283432643552e-5,0.02941536112634091,1
0.2608193762298191,0.2875401133793627,6.597545058223101e-5,0.026720737149543594,1
0.2701076126665476,0.30092842427751243,8.777556565582774e-5,0.030820811610964838,1
0.27658122704160587,0.3060070437221542,8.000968215891586e-5,0.029425816680548333,1
0.26913002831328586,0.29458035919536335,5.9851130927759154e-5,0.025450330882077488,1
0.2696737220442547,0.2981067119327084,7.470171221729727e-5,0.028432989888453664,1
0.2686433312843108,0.2968086384443492,7.330177290430357e-5,0.0281653071600384,1
0.2604225714716092,0.29031843430520476,8.258623726891786e-5,0.029895862833595577,1
0.26624103621022804,0.293237059040282,6.734185395706986e-5,0.02699602283005398,1
0.26170220719629456,0.2920280967905128,8.497919136066864e-5,0.030325889594218225,1
0.26839232188836343,0.2975678033283428,7.865413471423785e-5,0.02917548143997939,1
0.2618125563850714,0.2833675088821732,4.293185315957723e-5,0.02155495249710182,1
0.2704322016798723,0.2964767151832421,6.267841333322854e-5,0.02604451350336978,1
0.26787916994882566,0.2971915953136596,7.939424142942085e-5,0.029312425364833916,1
0.27242685889902424,0.3020814322559981,8.125851015745074e-5,0.029654573356973857,1
0.2592608711183539,0.28520772010237033,6.220921818685521e-5,0.025946848984016446,1
0.26771314726114886,0.29449298404870267,6.626761596477456e-5,0.0267798367875538,1
0.26804832069433127,0.29773687642416824,8.144485167937647e-5,0.029688555729836974,1
0.26961142112329556,0.2968730899218401,6.867368777209492e-5,0.027261668798544525,1
0.2618031445729362,0.2878360003215975,6.262231506619806e-5,0.02603285574866132,1
0.26715735517153105,0.2988383831347762,9.274361600888591e-5,0.03168102796324512,1
0.2686523542473486,0.2921694287688605,5.110366950613728e-5,0.02351707452151186,1
0.26517175153228234,0.29327513302839103,7.297979730470542e-5,0.028103381496108693,1
0.2608380175533913,0.28847686169736153,7.058708523590202e-5,0.02763884414397022,1
0.2655097660537247,0.2955545072848866,8.341082771014737e-5,0.030044741231161853,1
0.2740895812750746,0.2990701991293933,5.7662284765645124e-5,0.02498061785431871,1
0.266531027735432,0.2934620446884221,6.701792878473017e-5,0.02693101695299005,1
0.27754967369288963,0.3056573260884977,7.300198061838912e-5,0.028107652395608085,1
0.26470212861765874,0.2890416237710449,5.474048323128668e-5,0.02433949515338618,1
0.2656980902551839,0.29661324356751345,8.831374551368897e-5,0.030915153312329524,1
0.2676965728683592,0.2927892144650834,5.818060890396694e-5,0.025092641596724197,1
0.2694882627274138,0.29693369627691024,6.960263580128586e-5,0.027445433549496467,1
0.2744292282379131,0.306481895686837,9.493226666126495e-5,0.03205266744892388,1
0.26434315546668996,0.2926400002337046,7.398803949687808e-5,0.02829684476701466,1
0.26080826972469034,0.2852561498146578,5.522909269750243e-5,0.024447880089967455,1
0.2588382808622321,0.2894833086323569,8.677718016413368e-5,0.03064502777012479,1
0.2641970387699954,0.2906150941652654,6.448922949390383e-5,0.02641805539526998,1
0.2739987664775294,0.30375486123699813,8.181583389412963e-5,0.02975609475946872,1
0.2619999253483708,0.29148833722912937,8.03504406788393e-5,0.02948841188075857,1
0.273345577155954,0.2997622528281695,6.448249357395189e-5,0.026416675672215506,1
0.26730086693469457,0.2964172503791054,7.833581305067322e-5,0.02911638344441081,1
0.2668712243409615,0.2946034499823263,7.106486664069371e-5,0.027732225641364794,1
0.27149699112090747,0.30067606932479957,7.867352893002385e-5,0.029179078203892095,1
0.2713275081103748,0.29977972168567574,7.48027587682198e-5,0.028452213575300922,1
0.2704689909669932,0.3000956335693663,8.110551232878067e-5,0.029626642602373132,1
0.27335597599931544,0.3008048540778749,6.962010780413914e-5,0.027448878078559447,1
0.26867599088107036,0.2951733926909012,6.487719700166255e-5,0.026497401809830845,1
0.2657873571593847,0.29543488512476096,8.121990363223064e-5,0.029647527965376286,1
0.2722790519034931,0.30019252633636007,7.199681580930538e-5,0.027913474432866958,1
0.26033546892614234,0.2886403742305771,7.403019743411256e-5,0.028304905304434747,1
0.26723535015836597,0.29479808583356726,7.019887231445488e-5,0.02756273567520129,1
0.2737682878122485,0.30239422035769603,7.571898474372228e-5,0.02862593254544754,1
0.26062983519435845,0.2870216606080723,6.436123282492567e-5,0.026391825413713876,1
0.2640044735140793,0.29583367900889745,9.361320004838832e-5,0.03182920549481816,1
0.255021904168846,0.2902370213384255,1.1458922193525035e-4,0.03521511716957948,1
0.2629345911505302,0.29499706074440046,9.499033871566157e-5,0.03206246959387027,1
0.2655807789754343,0.2931444433767785,7.020360309496032e-5,0.027563664401344168,1
0.26466885852956606,0.29797210893293563,1.024846307449499e-4,0.033303250403369566,1
0.25859689368244215,0.2871936827911645,7.55648875358904e-5,0.02859678910872232,1
0.26125497440708034,0.2880956766477426,6.656918554397801e-5,0.026840702240662262,1
0.26646868886207287,0.29119253713468796,5.6482984267172824e-5,0.02472384827261509,1
0.2663034612870931,0.29354127764177,6.855356902955e-5,0.027237816354676925,1
0.26322827201541876,0.2929981388805232,8.189158557262524e-5,0.02976986686510441,1
0.26743825862168114,0.2952852073564598,7.16540472362014e-5,0.027846948734778665,1
0.2564046810752321,0.2865468537581753,8.395268727555316e-5,0.03014217268294317,1
0.26859413939211096,0.29677110989120903,7.336249444684048e-5,0.028176970499098064,1
0.270759305773514,0.2957101804764997,5.752505541000796e-5,0.024950874702985737,1
0.27052548488796657,0.29674455099762254,6.352138113157306e-5,0.026219066109655964,1
0.2707179611562097,0.29759366406932297,6.674291314565316e-5,0.026875702913113253,1
0.2740194443459098,0.30057585431077233,6.516647414721012e-5,0.026556409964862526,1
0.2685727304893212,0.2912899263412926,4.76864441592727e-5,0.022717195851971406,1
0.2626137640789537,0.2922877973477858,8.136519200115384e-5,0.029674033268832112,1
0.2644014753002255,0.2969111225219925,9.765849083701942e-5,0.03250964722176697,1
0.2633706106469231,0.28805542424063096,5.630477134212531e-5,0.02468481359370789,1
0.26494704875998243,0.2915751250642068,6.551867117401999e-5,0.02662807630422437,1
0.27203508983494296,0.3040251246399607,9.456162358778326e-5,0.03199003480501772,1
0.2659969108633851,0.2919353444412081,6.216887178920603e-5,0.025938433577822995,1
0.26582964650528945,0.29537229258869074,8.064626870878608e-5,0.02954264608340129,1
0.26647982014631955,0.29476574490491025,7.393094520784192e-5,0.028285924758590708,1
0.267315408671168,0.29460904263750076,6.883482632301899e-5,0.027293633966332775,1
0.2663500451387981,0.29415444436320237,7.14352429878576e-5,0.027804399224404253,1
0.2709222450150229,0.29835829484493875,6.955504901706541e-5,0.027436049829915876,1
0.26305770552177643,0.2920792464575961,7.782630851987737e-5,0.029021540935819656,1
0.27687704636852484,0.30086174322386305,5.315620438212586e-5,0.023984696855338217,1
0.2715031823089424,0.3005444724774759,7.793226656333148e-5,0.029041290168533518,1
0.2653224159617954,0.2936299825544578,7.404411904612479e-5,0.028307566592662425,1
0.26087581236909757,0.28978362367229366,7.721753212614629e-5,0.028907811303196085,1
0.26491954918939165,0.2907339205042302,6.157559263848198e-5,0.025814371314838547,1
0.26223364409026767,0.29574089613728977,1.0374403135561988e-4,0.033507252047022096,1
0.2732225738774518,0.29925273639451927,6.260935854119243e-5,0.026030162517067468,1
0.2584289576736465,0.2909396861527477,9.766498710655806e-5,0.03251072847910119,1
0.27098489817791566,0.29716576131281897,6.333640598628928e-5,0.02618086313490331,1
0.26406654969948146,0.289360018463282,5.911562436161799e-5,0.025293468763800564,1
0.2674704517348822,0.29345367744453504,6.238377148007153e-5,0.025983225709652835,1
0.2655996680840792,0.28782425732621453,4.564077193382048e-5,0.02222458924213533,1
0.2679564313080937,0.29461420484697237,6.566489340380382e-5,0.02665777353887866,1
0.2631555453450218,0.293935342198172,8.754210664100752e-5,0.030779796853150243,1
0.2657207764639754,0.29580917528364714,8.365341001650211e-5,0.030088398819671736,1
0.26827086937700767,0.29749978424278883,7.894250071440113e-5,0.029228914865781164,1
0.2682053315575829,0.29846575465781583,8.461268703881051e-5,0.030260423100232914,1
0.2673923275835673,0.2966854273034139,7.928958689408453e-5,0.029293099719846616,1
0.26995950741441815,0.29533600363004614,5.950436308895768e-5,0.025376496215627986,1
0.26582948922294947,0.29365721149071367,7.15551366805462e-5,0.0278277222677642,1
0.2664657918521721,0.2886441924306685,4.545126150863382e-5,0.022178400578496404,1
0.26597550349006316,0.29391238199133707,7.211759796479495e-5,0.02793687850127391,1
0.2666680080801111,0.2952917475133479,7.570738310464265e-5,0.028623739433236817,1
0.26756405431314223,0.2953731573174663,7.145941499613326e-5,0.027809103004324043,1
0.2706070711431182,0.29726463589111973,6.566386479749647e-5,0.026657564748001517,1
0.26870211037014147,0.2989192401041475,8.437075072474061e-5,0.030217129734006032,1
0.26676927861657856,0.293189936119494,6.450193415205685e-5,0.026420657502915446,1
0.26978630001488635,0.29452231823372976,5.653860376893592e-5,0.024736018218843414,1
0.2631601625781223,0.2896973136816195,6.50719902154827e-5,0.026537151103497192,1
0.26882207538156805,0.29718047472835046,7.43102843436378e-5,0.028358399346782415,1
0.26213663986896596,0.28669841802208396,5.574489527508713e-5,0.024561778153117997,1
0.25580612061890273,0.2860581526909186,8.456576839497375e-5,0.030252032072015878,1
0.2628270073147893,0.2920444488812864,7.888053788227663e-5,0.029217441566497082,1
0.2596733050377245,0.2881834984089309,7.510793486177362e-5,0.028510193371206416,1
0.26449002935610993,0.29493705834112166,8.565946082023755e-5,0.030447028985011726,1
0.2700290263220922,0.30047654671045637,8.566222586413879e-5,0.03044752038836418,1
0.2702868755625942,0.30020536908633627,8.27113175150866e-5,0.029918493523742096,1
0.27185034351768816,0.29603179708413324,5.403190768392631e-5,0.024181453566445077,1
0.26521477875124316,0.2919072084813487,6.58357384556257e-5,0.02669242973010555,1
0.2686917398093987,0.29667539060547504,7.235928059955732e-5,0.027983650796076343,1
0.2686601507358472,0.2936500280583701,5.7705039596521886e-5,0.02498987732252289,1
0.2634332669417316,0.29492827290089657,9.165768515622405e-5,0.03149500595916499,1
0.27277357025175436,0.3014970940972371,7.623614590750158e-5,0.028723523845482712,1
0.25604582489218936,0.28437095510778115,7.413602990886766e-5,0.0283251302155918,1
0.2623843495361309,0.2932269691665702,8.789982510057461e-5,0.030842619630439327,1
0.27138135589534407,0.29700261969060515,6.065779108746925e-5,0.025621263795261084,1
0.25720340570045847,0.28182384277826494,5.6011475345615696e-5,0.02462043707780648,1
0.26542209665596506,0.29289499186594314,6.974199306205427e-5,0.027472895209978088,1
0.25610052236374137,0.2897905410391117,1.048788697727912e-4,0.03369001867537036,1
0.2624799174422079,0.288866499692201,6.433566256177945e-5,0.02638658224999313,1
0.2652549347049246,0.2948707330376282,8.104614893134467e-5,0.029615798332703558,1
0.263634520941141,0.29380898332855204,8.413265170358419e-5,0.03017446238741106,1
0.27668666028904626,0.3096581486051701,1.0045292750100815e-4,0.03297148831612384,1
0.2643053534018668,0.2986905705117615,1.0925190962141721e-4,0.03438521710989473,1
0.26806843726115565,0.29725712251901754,7.872534312772482e-5,0.02918868525786189,1
0.26134208418404187,0.2844935597625327,4.952709414536666e-5,0.023151475578490843,1
0.2654330092435619,0.29274454087273255,6.892513210258031e-5,0.02731153162917066,1
0.2724791117225282,0.29737928647621853,5.729151215680791e-5,0.02490017475369033,1
0.2678538747281808,0.29406571489134103,6.348637310731892e-5,0.02621184016316025,1
0.2663851363581501,0.2903472590274153,5.30561911644558e-5,0.02396212266926523,1
0.2607827833537346,0.2925481595720445,9.323811864519976e-5,0.03176537621830988,1
0.2637245260306328,0.2905064122651406,6.62777592051224e-5,0.026781886234507835,1
0.2675832708770252,0.2946216044234849,6.755310840258149e-5,0.02703833354645968,1
0.27064977377921523,0.29949471158506563,7.688200643792303e-5,0.0288449378058504,1
0.2652798144633939,0.29453821403112845,7.910184772391957e-5,0.029258399567734572,1
0.267266873850532,0.29598545471546817,7.620990947746865e-5,0.028718580864936172,1
0.26924098169448035,0.29715099015986374,7.197893748099284e-5,0.027910008465383385,1
0.26506378100705164,0.29818149390321036,1.0134589649744739e-4,0.033117712896158724,1
0.2662651736456552,0.2898314598604162,5.13177717692321e-5,0.02356628621476098,1
0.26486035750584047,0.29635400946084867,9.164980440083295e-5,0.031493651955008195,1
0.26697529315866525,0.2922518308811885,5.903650875307727e-5,0.02527653772252325,1
0.26283082963903365,0.29208733373049706,7.909159898708772e-5,0.02925650409146341,1
0.2683480252080912,0.29510408836076363,6.615001085513428e-5,0.026756063152672427,1
0.2654776318352343,0.301627312736899,1.2075202740821478e-4,0.036149680901664705,1
0.2676539928240076,0.2945197712675085,6.66936295444385e-5,0.02686577844350091,1
0.26270652647558723,0.28760034309705484,5.726225770327276e-5,0.024893816621467613,1
0.2686277996054793,0.2985862587046904,8.293243915936172e-5,0.029958459099211132,1
0.2634626493222328,0.2926912115645684,7.894059596981423e-5,0.02922856224233561,1
0.2700302664851092,0.2979112169073471,7.18291361455137e-5,0.027880950422237927,1
0.2684797976679224,0.2979947474127411,8.04951272470353e-5,0.02951494974481872,1
0.2730052681997459,0.30589813145835276,9.997441102929463e-5,0.03289286325860685,1
0.2717925842604008,0.3042396546066842,9.728289269046888e-5,0.03244707034628336,1
0.26574217218748053,0.2905931055712728,5.706514241259551e-5,0.024850933383792295,1
0.2606414987984604,0.2911194790331438,8.583370540395994e-5,0.0304779802346834,1
0.2650601392696221,0.2945959018555164,8.060869159297816e-5,0.0295357625858943,1
0.27226300299133305,0.299633994388435,6.922557175400413e-5,0.027370991397101974,1
0.2653335355997486,0.2890047781503752,5.1775893956020176e-5,0.02367124255062658,1
0.26708694193101773,0.2944795254023947,6.933483438424691e-5,0.027392583471376963,1
0.27437556232269056,0.2954038001668092,4.085933143667303e-5,0.02102823784411867,1
0.26930969427680906,0.29875621555595944,8.012231462508242e-5,0.029446521279150373,1
0.2730115135744777,0.30187931247314637,7.700392059796004e-5,0.02886779889866864,1
0.26836772871524395,0.2937640986626189,5.9597601872520687e-05,0.02539636994737493,1
0.26877772780759474,0.2984099636435454,8.113613914685558e-5,0.02963223583595065,1
0.2718727137433686,0.3012683526759183,7.984565789775337e-5,0.029395638932549706,1
0.27346508167186323,0.30049649236267717,6.75185204315776e-5,0.02703141069081394,1
0.2713551992225432,0.30113587184519836,8.195104577929344e-5,0.029780672622655158,1
0.2718345904916786,0.2979877460729823,6.320241741308189e-5,0.02615315558130371,1
0.2628095807019155,0.2939614769809836,8.967150761456551e-5,0.031151896279068114,1
0.2663047784220176,0.29044836401357,5.386281306388303e-5,0.024143585591552386,1
0.26020793713413576,0.2869922428004464,6.62897345947656e-5,0.026784305666310626,1
0.2654835723827303,0.29465086892477116,7.861000959747896e-5,0.029167296542040866,1
0.27224202008432596,0.30315560475642334,8.830478363158005e-5,0.03091358467209737,1
0.2719436849039212,0.29992261901807016,7.233489014738667e-5,0.02797893411414898,1
0.2659606283504885,0.2910650738386752,5.8235359546281224e-5,0.02510444548818669,1
0.2727827021756378,0.2989929771558869,6.347879143286214e-5,0.026210274980249082,1
0.2617256087560282,0.29201492020894665,8.477431649666858e-5,0.030289311452918466,1
0.2729985452769913,0.30435855330411465,9.087361930674062e-5,0.031360008027123354,1
0.26585511975783066,0.2933726773052466,6.996893472817289e-5,0.027517557547415916,1
0.2630579833083402,0.29121434371292365,7.325521144677535e-5,0.02815636040458347,1
0.2666623808987221,0.2997008357802503,1.0086139064838352e-4,0.033038454881528234,1
0.26489870315095415,0.29224979902931786,6.912497049484319e-5,0.027351095878363707,1
0.26379141896764874,0.29535500682233745,9.205729783720582e-5,0.03156358785468871,1
0.26850813522785444,0.29623954139960607,7.106066685960789e-5,0.027731406171751627,1
0.26992919456749587,0.299718482741557,8.199846952873621e-5,0.029789288174061124,1
0.26753389287991075,0.29351763248795076,6.238623916725825e-5,0.025983739608040013,1
0.27125316703248376,0.2997391049408436,7.498019088278106e-5,0.02848593790835985,1
0.2674559080251199,0.29728032638738505,8.2191983398102e-5,0.029824418362265126,1
0.2678590832079826,0.297607582606325,8.177407159304597e-5,0.029748499398342454,1
0.2669123154751716,0.2908630414758905,5.300573486383951e-5,0.023950726000718903,1
0.25905971975412323,0.28360002789348115,5.56474820856268e-5,0.024540308139357925,1
0.26756719485166985,0.29612555454158535,7.5361930238455275e-05,0.02855835968991549,1
0.2667206245843927,0.3064202975658873,1.45632851733716e-4,0.03969967298149457,1
0.26964244543059657,0.2983360752875731,7.60775430461948e-5,0.028693629856976544,1
0.2675098710038171,0.2946908534679134,6.826778244821474e-5,0.02718098246409628,1
0.26588854610512225,0.2923425732223993,6.466497051288473e-5,0.026454027117277068,1
0.2698074355359897,0.30723976622026655,1.2947300646161056e-4,0.03743233068427687,1
0.2740311894187089,0.3017810750992171,7.115540448219644e-5,0.02774988568050818,1
0.26507198371427193,0.29736529851984966,9.636309662237719e-5,0.03229331480557773,1
0.26440017384728776,0.29177264220149646,6.923304287240397e-5,0.0273724683542087,1
0.26999935846883094,0.29967139246004704,8.135422846777512e-5,0.029672033991216096,1
0.2737984778025487,0.3017053862916366,7.19629489076823e-5,0.027906908489087945,1
0.2682765054036803,0.2929409357904339,5.621182367096797e-5,0.02466443038675359,1
0.2585333161409696,0.2816622804935988,4.943082610773038e-5,0.023128964352629233,1
0.2628202058382974,0.2920838105435924,7.912999503403674e-5,0.029263604705294988,1
0.26280311403138545,0.2913883431679274,7.550380715117774e-5,0.028585229136541934,1
0.25975520433054067,0.28533918291026583,6.048137565274126e-5,0.025583978579725164,1
0.2659365525805352,0.29506262143964873,7.838793772667907e-5,0.029126068859113508,1
0.2733232261097381,0.30014660821405553,6.648329991014474e-5,0.02682338210431745,1
0.2630486487559784,0.2943873084257938,9.074993680233472e-5,0.031338659669815416,1
0.26463085318283125,0.28659821115920864,4.4590377557219455e-5,0.02196735797637739,1
0.26903345160885533,0.3002894157563651,9.027163224006022e-5,0.03125596414750975,1
0.2677565123672868,0.29750951639723033,8.179883855365908e-5,0.02975300402994352,1
0.27099956328556457,0.29534591789497316,5.477134195255902e-5,0.024346354609408594,1
0.2763574988100592,0.305146927779986,7.658638961793865e-5,0.028789428969926756,1
0.2677038749182311,0.2993439385430179,9.250393157289595e-5,0.031640063624786774,1
0.25510635061111503,0.28625452183537153,8.965006357105318e-5,0.031148171224256505,1
0.27015029749604746,0.2957518145623562,6.056432720608834e-5,0.025601517066308754,1
0.2574103893764511,0.2882805858013636,8.80570801653696e-5,0.03087019642491251,1
0.2772696096103061,0.3027770209261268,6.011990225564424e-5,0.025507411315820683,1
0.2675846627409972,0.30426645877183195,1.2433307604161627e-4,0.03668179603083477,1
0.26499689715214675,0.29457485997428706,8.083920102850662e-5,0.029577962822140313,1
0.27288918364673526,0.2994795867116525,6.533341148933411e-5,0.026590403064917223,1
0.2664710059855839,0.2938754119847447,6.93946965654941e-5,0.02740440599916083,1
0.27280565577193117,0.2991982287749977,6.43648791398816e-5,0.026392573003066522,1
0.25921792452570874,0.290149151275873,8.84056017305732e-5,0.030931226750164242,1
0.2666246915712305,0.2961991726306288,8.082017021467019e-5,0.029574481059398305,1
0.25873504607581216,0.28088616531699334,4.533951237174669e-5,0.022151119241181183,1
0.2684281204100434,0.29848202211561436,8.346169845848162e-5,0.030053901705570985,1
0.2674610104719722,0.2902492497564048,4.798516993863853e-5,0.022788239284432632,1
0.27025192263426784,0.30268211461885247,9.71817095161621e-5,0.03243019198458463,1
0.26139560910139586,0.2895022817768414,7.2996891593889e-5,0.028106672675445532,1
0.2688019926215396,0.2961939411009149,6.933161989701046e-5,0.027391948479375317,1
0.2614996766271893,0.29136537261869166,8.2419651743781e-5,0.02986569599150235,1
0.26714902206427144,0.29590879655272123,7.642869562623914e-5,0.028759774488449796,1
0.27785312718037375,0.3053886467017575,7.006030841648491e-5,0.027535519521383778,1
0.2677445773330672,0.3047608998088992,1.2661117376997622e-4,0.037016322475831975,1
0.2749682120308242,0.30337436408590246,7.456075722557675e-5,0.028406152055078238,1
0.2683509151166661,0.2928693271516104,5.554822338977117e-5,0.024518412034944315,1
0.26234882587755526,0.29026825876135665,7.202755618036379e-5,0.027919432883801387,1
0.26604774702108913,0.29261359195956205,6.521278712292496e-5,0.026565844938472916,1
0.2803451674134864,0.3050465237216465,5.638026276560796e-5,0.02470135630816006,1
0.27698502886132825,0.30455377639834524,7.022949858828776e-5,0.02756874753701699,1
0.2648591146179151,0.2868481985824355,4.4678622040501615e-5,0.021989083964520373,1
0.261341087927267,0.29314407022783556,9.345901298307208e-5,0.03180298230056855,1
0.26723635942787655,0.301285233774707,1.0712504381803274e-4,0.03404887434683046,1
0.2650509226709693,0.29004771876989155,5.773699681900022e-5,0.024996796098922247,1
0.26795783952726965,0.29690892941906494,7.744891369736355e-5,0.02895108989179529,1
0.2701407175374976,0.30504201384994134,1.125559896704997e-4,0.034901296312443764,1
0.26393856187482173,0.2911673304848103,6.850803291424007e-5,0.027228768609988574,1
0.26706782520756545,0.297654663724754,8.644794533427377e-5,0.030586838517188575,1
0.260957863022997,0.29022406110464866,7.914402084893192e-5,0.02926619808165165,1
0.2663137500154369,0.2947824586597836,7.488951717351688e-5,0.028468708644346696,1
0.26809711878366305,0.29272680304427223,5.605355791449678e-5,0.024629684260609186,1
0.2673198541651339,0.29571853936875364,7.452156424188153e-5,0.028398685203619767,1
0.26915711148975774,0.301011903007105,9.376376316167203e-5,0.03185479151734727,1
0.274572036869733,0.3022765605000732,7.092296266968496e-5,0.02770452363034015,1
0.26674958815909194,0.29253714737810194,6.144774809173088e-5,0.025787559219009992,1
0.2736823452297763,0.30147183793116417,7.135866764877825e-5,0.027789492701387863,1
0.2687241682751057,0.29621175310405934,6.981659438746128e-5,0.027487584828953637,1
0.26118268912298226,0.2894997726461782,7.40939142971328e-5,0.02831708352319595,1
0.26096951639946214,0.28501381960026,5.342073840440277e-5,0.024044303200797867,1
0.2693134157354963,0.3015345083032004,9.593255697714106e-5,0.03222109256770411,1
0.26783660293511474,0.30114000401570523,1.024855581099421e-4,0.03330340108059049,1
0.26354943888327154,0.295657195402547,9.525886815277165e-5,0.03210775651927544,1
0.2625231416122043,0.28768954231632743,5.852315210847796e-5,0.025166400704123126,1
0.2644365736668754,0.29172792202612013,6.882329815643962e-5,0.027291348359244738,1
0.2739026629890184,0.2941670585733564,3.7944846882512436e-5,0.020264395584338013,1
0.2655329423649205,0.2908332529372308,5.9147609890207295e-5,0.025300310572310303,1
0.26694060961147026,0.29412357448898463,6.82777408743594e-5,0.02718296487751437,1
0.26678853891926896,0.29431407635159895,7.000952154286487e-5,0.027525537432329994,1
0.25772702048978335,0.28958826883516453,9.38017780299765e-5,0.03186124834538118,1
0.26708945566908315,0.2925242427862249,5.977804521260366e-5,0.025434787117141755,1
0.26288601385320376,0.2928811794629558,8.313578909576857e-5,0.029995165609752017,1
0.2700662215987968,0.30061576528173084,8.623726019099701e-5,0.030549543682934055,1
0.2667343913999635,0.2957264933198133,7.766849692051914e-5,0.0289921019198498,1
0.2654137958753703,0.29330264513608284,7.18698411505275e-5,0.027888849260712556,1
0.26211973266301497,0.289472820212806,6.913503804328004e-5,0.027353087549791044,1
0.2627450931546671,0.2901542090986662,6.941855209296273e-5,0.027409115943999085,1
0.2622148350301967,0.29263792321699134,8.552480402970844e-5,0.030423088186794622,1
0.27000956979592383,0.2973717996954932,6.918126041771602e-5,0.02736222989956938,1
0.26659860840603355,0.28793944699086327,4.208317101822589e-5,0.021340838584829713,1
0.2633367702514554,0.2939801939720075,8.676809606364728e-5,0.030643423720552065,1
0.2690846614899227,0.29549675959500354,6.446014803943073e-5,0.026412098105080828,1
0.2670818282513576,0.29164287998903327,5.574159800941687e-5,0.024561051737675643,1
0.2701742532160149,0.3007383567556344,8.631948082062049e-5,0.03056410353961947,1
0.26200017020490274,0.2876250194410255,6.067476918362436e-5,0.025624849236122738,1
0.2724186330811736,0.29872022835575057,6.392190013992413e-5,0.026301595274576983,1
0.25876061358729313,0.2847097860682692,6.222036014873231e-5,0.025949172480976057,1
0.27548558740927975,0.3035648514912547,7.285459324186873e-5,0.02807926408197492,1
0.2667776223396663,0.2963748063021113,8.09443013362819e-5,0.02959718396244504,1
0.26795527048377005,0.2931231434128229,5.852999947331622e-5,0.02516787292905287,1
0.2668470724699425,0.2938575542913843,6.741400947766052e-5,0.027010481821441834,1
0.2690533301976501,0.2965338883922851,6.978090460398972e-5,0.02748055819463502,1
0.2827299495433037,0.3076995624452719,5.761149091233103e-5,0.024969612901968197,0
0.261066507051994,0.2936400708694101,9.804287731556962e-5,0.03257356381741605,1
0.2662753865483532,0.2897339646325409,5.0849754870775555e-5,0.02345857808418772,1
0.2602418853765006,0.2833237562979197,4.922973649033324e-5,0.023081870921419112,1
0.26106518526072453,0.2871884393348082,6.3057978461419e-5,0.02612325407408367,1
0.26623809007119226,0.2934032673954349,6.818841312089316e-5,0.027165177324242618,1
0.27159808302546773,0.30025765420597195,7.589704565704463e-5,0.028659571180504217,1
0.263540076634763,0.2929947463726641,8.016666374879008e-5,0.029454669737901118,1
0.2739370403757926,0.2994826851343879,6.0300266582720175e-5,0.02554564475859533,1
0.2704795321545525,0.29859236005565687,7.302886702861676e-5,0.028112827901104365,1
0.27090539174381506,0.30174388130480806,8.787628572033424e-5,0.030838489560993,1
0.2711196722768848,0.29572810074118216,5.5956849497812715e-5,0.02460842846429734,1
0.26023067840073477,0.28962911198801855,7.986084053442971e-5,0.02939843358728378,1
0.2645810967200523,0.2962541860473827,9.26971424186996e-5,0.03167308932733037,1
0.26470453039023234,0.2962068234822123,9.170010451604565e-5,0.03150229309197994,1
0.2661421407111011,0.2920849461839562,6.21898305480579e-5,0.0259428054728551,1
0.2689222413466835,0.2968850734918218,7.225165616852138e-5,0.027962832145138283,1
0.25560227835420535,0.29278921812896785,1.277810274788373e-4,0.037186939774762506,1
0.26831753082423826,0.2994944219926353,8.981546216294842e-5,0.03117689116839706,1
0.27235513180473586,0.29816609519617926,6.155933572107182e-5,0.025810963391443398,1
0.2611650699809553,0.2861615009656215,5.773531016711113e-5,0.024996430984666196,1
0.26970496538517014,0.2933929016746301,5.184894783376552e-5,0.023687936289459977,1
0.270801481976652,0.30210757319480797,9.056141252101838e-5,0.031306091218155974,1
0.26425066019406823,0.29185282126105166,7.03998391168354e-5,0.027602161066983433,1
0.26486010913734154,0.2930594727108116,7.347914748375605e-5,0.028199363573470082,1
0.25849003702319095,0.28662398207620654,7.313862054663804e-5,0.028133945053015585,1
0.26300119108165826,0.2848363539580086,4.4055320670885134e-5,0.021835162876350345,1
0.2728138071763464,0.30161183872780384,7.663216607955184e-5,0.028798031551457437,1
0.27266490193869697,0.3024397092905202,8.191876862079468e-5,0.02977480735182325,1
0.2696663946261665,0.29465572155787567,5.770249776940237e-5,0.024989326931709188,1
0.27049606874285026,0.30163072337555186,8.957227406847498e-5,0.031134654632701597,1
0.26889246241619086,0.29500320712475886,6.299760111078685e-5,0.026110744708568,1
0.26884987642366653,0.29460607636987635,6.129839040886322e-5,0.025756199946209812,1
0.2639869977078283,0.2928716738339977,7.709398583589353e-5,0.028884676126169406,1
0.26828660938226234,0.29972678388159046,9.133881873639147e-5,0.03144017449932812,1
0.26990005785676174,0.29781199948635395,7.198890895232759e-5,0.027911941629592207,1
0.2666453426453986,0.3008493244421126,1.081032693246002e-4,0.03420398179671402,1
0.2718023907730542,0.29970592533568813,7.194554941536076e-5,0.027903534562633947,1
0.2679905772287635,0.2986711060255992,8.697835233699715e-5,0.030680528796835693,1
0.26738786053193336,0.29577188560662154,7.444464421935258e-5,0.02838402507468818,1
0.2688956630834698,0.2986649551360434,8.188842318998402e-5,0.029769292052573615,1
0.26207636336581824,0.2906056601359182,7.520862148456667e-5,0.028529296770099966,1
0.26753096198897314,0.29452489965418,6.733145142892408e-5,0.026993937665206857,1
0.26757499107201543,0.2975537970664581,8.304512791062513e-5,0.029978805994442692,1
0.2569827902411921,0.2884849206743313,9.169915755042956e-5,0.03150213043313921,1
0.2737304964665877,0.30475070680857924,8.89149875050821e-5,0.03102021034199154,1
0.26465674962433006,0.29622990571485797,9.211311908591542e-5,0.03157315609052791,1
0.27198692425463294,0.2954422960810755,5.08358557948773e-5,0.023455371826442528,1
0.26545783834771064,0.29436109376537867,7.719319500065739e-5,0.028903255417668028,1
0.26747814909421574,0.2921771126043352,5.636934028455454e-5,0.024698963510119465,1
0.27248771644233094,0.2974942124971417,5.778181496149187e-5,0.025006496054810756,1
0.260059698426642,0.2848397760417445,5.674019444051122e-5,0.02478007761510248,1
0.2617062663127407,0.28723396533760154,6.021557485220328e-5,0.02552769902486085,1
0.26825397034185516,0.2967415774517971,7.498897842704881e-5,0.028487607109941915,1
0.26922360235723075,0.29734860375678107,7.309212706668424e-5,0.02812500139955032,1
0.27856159870020725,0.30635795002227995,7.13938955268438e-5,0.0277963513220727,1
0.2657639211399632,0.290993215601596,5.8816029924438084e-5,0.0252292944616328,1
0.26745270824758305,0.2947187250103702,6.869559505533387e-5,0.02726601676278717,1
0.26623590549903076,0.2944038468076885,7.331548458101454e-5,0.02816794130865774,1
0.2659663197833543,0.30266309942261527,1.2443467077326303e-4,0.03669677963926099,1
0.265401075105155,0.29251925296999715,6.795266673651442e-5,0.027118177864842163,1
0.2773322192150441,0.30780290679977135,8.579263442254332e-5,0.030470687584727263,1
0.27149084878018115,0.29951152136273673,7.255086688686165e-5,0.028020672582555584,1
0.27024146535594223,0.30016132027507175,8.27188449908914e-5,0.029919854919129518,1
0.2700624392666917,0.29384995519598056,5.2285790607950186e-5,0.02378751592928885,1
0.26002881815474027,0.2856339733546878,6.0581541558773894e-5,0.02560515519994755,1
0.26070591474983723,0.28636633271921,6.0843326076152916e-5,0.025660417969372795,1
0.26627569043597,0.2937207778588007,6.96008802322731e-5,0.027445087422830694,1
0.26933034282885276,0.29660118388705,6.871990642912318e-5,0.027270841058197215,1
0.26731165631891957,0.3006020233295645,1.024053535368159e-4,0.03329036701064492,1
0.2677273080897224,0.2921146984342518,5.495613154135196e-5,0.024387390344529414,1
0.2671222250261499,0.2954573234186808,7.41882189786197e-5,0.0283350983925309,1
0.26650822663488716,0.29084650372084975,5.473500440516338e-5,0.02433827708596259,1
0.2657188179968989,0.2968320640189259,8.944913419906998e-5,0.03111324602202703,1
0.2673816473265422,0.2913374611109361,5.30282569666244e-5,0.02395581378439393,1
0.264831460484642,0.29302203569533514,7.343335490572e-5,0.028190575210693125,1
0.2645242882839581,0.2907144317527372,6.338131567217543e-5,0.026190143468779126,1
0.26258428123734523,0.2884566272927491,6.185248008097331e-5,0.025872346055403894,1
0.26237527403195265,0.2863662187267238,5.3183901599910455e-5,0.023990944694771144,1
0.26176256891076705,0.2958446955143779,1.073343834180753e-4,0.034082126603610874,1
0.2724261845396175,0.2986697875287317,6.364032860086885e-5,0.026243602989114212,1
0.26965674061537154,0.2977285574857044,7.281595322454181e-5,0.02807181687033289,1
0.27041699172374223,0.30117194187282414,8.740082858775976e-5,0.030754950149081917,1
0.2642082798294601,0.29754076797773626,1.0266465730509268e-4,0.03333248814827616,1
0.25869375923613314,0.2860021748429262,6.890940541210794e-5,0.02730841560679309,1
0.259926065309725,0.2862756190838353,6.415522388337181e-5,0.0263495537741103,1
0.2638006844305949,0.2874750906181891,5.1789734469686386e-5,0.0236744061875942,1
0.2774387132978001,0.30772209923261584,8.474115082949351e-5,0.03028338593481572,1
0.25961371738402655,0.28348686251155836,5.266290007442804e-5,0.023873145127531803,1
0.26414880445391453,0.2928540268229234,7.613902763296612e-5,0.028705222369008854,1
0.27140328762895966,0.2952702117137435,5.2635457065620446e-5,0.023866924084783858,1
0.2744598153141624,0.3034632453731769,7.772920389753994e-5,0.029003430059014512,1
0.2625429459862586,0.2875080561415816,5.759071473459242e-5,0.02496511015532299,1
0.26565388442085336,0.2974996988927756,9.371092320148798e-5,0.03184581447192225,1
0.2604202093471643,0.2885166619542899,7.294381540144132e-5,0.028096452607125566,1
0.2691912008802175,0.3002587666205028,8.918666964726907e-5,0.031067565740285352,1
0.26412699397987044,0.29297523932903674,7.689963900468444e-5,0.0288482453491663,1
0.26112521695484786,0.28942357247394984,7.399594006458435e-5,0.02829835551910198,1
0.2608357883034957,0.2888778901343912,7.266187814355654e-5,0.028042101830895505,1
0.27057590508030355,0.29382981666120317,4.9966338832385464e-5,0.023253911580899622,1
0.26842400736532285,0.3003630113721318,9.42601730719589e-5,0.031939004006808935,1
0.27211848683011436,0.30191105198953333,8.201651108529225e-5,0.02979256515941897,1
0.2683633618588652,0.2988109997242717,8.566288689427992e-5,0.030447637865406496,1
0.26855124552671183,0.2978812005957926,7.948923007059189e-5,0.02932995506908076,1
0.2650537474591343,0.30192400259444024,1.256139234877923e-4,0.03687025513530595,1
0.26774859372468157,0.29291443087849606,5.852053112413028e-5,0.025165837153814485,1
0.2739363607788902,0.2993816263620352,5.982730933564509e-5,0.02544526558314497,1
0.2747051032642706,0.30560181258084,8.820840089886464e-5,0.030896709316569404,1
0.26692141014022974,0.30027772095166183,1.0281145819933536e-4,0.03335631081143209,1
0.25202887516420736,0.2788211679818229,6.632927604048209e-5,0.026792292817615526,0
0.262456904839662,0.28923573135374747,6.62626161470439e-5,0.026778826514085474,1
0.263338085258399,0.2954208986134304,9.511092043409124e-5,0.03208281335503138,1
0.2728443368825591,0.3025361217805462,8.146256984838316e-5,0.029691784897987072,1
0.2561146390886465,0.28328977700927305,6.823842728225422e-5,0.027175137920626535,1
0.26775942123295327,0.29795601937748906,8.425613513269658e-5,0.03019659814453579,1
0.26450617645203184,0.29160878328037637,6.787465340650216e-5,0.027102606828344533,1
0.2590289920600236,0.2872190237159846,7.343052313216124e-5,0.028190031655961012,1
0.26847689237672395,0.2975798402395409,7.826353454273261e-5,0.029102947862816975,1
0.27197260478011764,0.29644077357471654,5.5320797311048556e-5,0.0244681687945989,1
0.2713282619248916,0.3013748403919328,8.342102916601528e-5,0.030046578467041174,1
0.2669676367160357,0.29891798268905195,9.43271310473876e-5,0.03195034597301627,1
0.27034948523969266,0.2957845124001623,5.977917354039778e-5,0.025435027160469637,1
0.27114216351793907,0.2994281718211643,7.393138192984961e-5,0.028286008303225252,1
0.2685548952688153,0.297592407692124,7.791199273268698e-5,0.029037512423308653,1
0.26865622001700545,0.29833690683148845,8.140168368446741e-5,0.029680686814482993,1
0.26357689720848665,0.2907656092038027,6.830661496540254e-5,0.02718871199531603,1
0.2740390730911934,0.29963919961312274,6.055774829145281e-5,0.025600126521929334,1
0.2718871887755118,0.2971888456713488,5.915390498585582e-5,0.025301656895836966,1
0.26123770335980667,0.28903545546164655,7.140109140971987e-5,0.02779775210183988,1
0.26932221294131076,0.29879385403247694,8.025907209988966e-5,0.02947164109116618,1
0.26826807509175854,0.2949880835722902,6.59718523573292e-5,0.026720008480531687,1
0.2761911294965603,0.30383328965273965,7.060402383699115e-5,0.027642160156179374,1
0.27727545042176843,0.30429578306899213,6.746319073728678e-5,0.0270203326472237,1
0.2645462678516402,0.28913604082900285,5.587204062116965e-5,0.024589772977362645,1
0.26730002019363075,0.29381751832338376,6.497564343284193e-5,0.026517498129753014,1
0.27232933001904625,0.29836976539613336,6.265878613054579e-5,0.026040435377087112,1
0.2676574180302437,0.2914422882673178,5.227416060700447e-5,0.023784870237074096,1
0.26426685820454504,0.29312748678543193,7.696567216681378e-5,0.028860628580886893,1
0.2636562154560041,0.2903586608500012,6.588515413974324e-5,0.026702445393997132,1
0.2674271981175147,0.2958211008109596,7.449646659199308e-5,0.028393902693444883,1
0.2637682803510146,0.29087832768426397,6.791192591071817e-5,0.0271100473332494,1
0.2695494335337638,0.29508686180565014,6.0261482933729605e-5,0.02553742827188632,1
0.273092242108744,0.30088283493490314,7.136431762538334e-5,0.027790592826159144,1
0.26439771943854073,0.2858672816274993,4.259237639371735e-5,0.02146956218895857,1
0.25898963934576835,0.2856552424844381,6.570347166968428e-5,0.026665603138669725,1
0.2629012046519161,0.28833722106231235,5.9783823639072445e-5,0.025436016410396278,1
0.2574875363686223,0.28484360196347414,6.915009290435165e-5,0.02735606559485182,1
0.2698523678393899,0.2968589902828161,6.739474602576926e-5,0.02700662244342622,1
0.26932071769759525,0.29807238938831404,7.638563555129343e-5,0.028751671690718794,1
0.2666289694025744,0.29215673784036855,6.021590231966203e-5,0.02552776843779414,1
0.2689899861031305,0.2957719963051987,6.627837277737421e-5,0.026782010202068163,1
0.26735728267198294,0.298320566150634,8.858894156071272e-5,0.03096328347865107,1
0.2660919260089286,0.2904595881121814,5.486725370086797e-5,0.024367662103252807,1
0.2598740793986037,0.29041343479522647,8.617974945379875e-5,0.03053935539662278,1
0.26630124096309016,0.29006235107428346,5.216977321706161e-5,0.023761110111193307,1
0.266750980048562,0.2934195964790941,6.571832188116145e-5,0.02666861643053209,1
0.2751204455318744,0.29971280336841954,5.5883787695704365e-5,0.02459235783654512,1
0.2684263809250999,0.29752400373437565,7.823489693625787e-5,0.029097622809275747,1
0.26538914672484687,0.28908262929127887,5.1873230429550796e-5,0.023693482566432,1
0.26601003959343944,0.2965874176697311,8.639447729117039e-5,0.030577378076291684,1
0.25579018833576067,0.2885399355405089,9.910633114683388e-5,0.032749747204748214,1
0.26545439600954485,0.2955438616944888,8.36593424358924e-5,0.030089465684943972,1
0.26735337028697265,0.2929813986386816,6.0689825199610095e-5,0.025628028351708965,1
0.25967949537926444,0.2885934399163452,7.725030136070203e-5,0.028913944537080738,1
0.272000784375178,0.2991172783295148,6.794422792050776e-5,0.027116493954336796,1
0.26163566616088857,0.2918790928593244,8.451766474856704e-5,0.030243426698435827,1
0.2674264703581971,0.2999570451034521,9.77842632369071e-5,0.032530574745255,1
0.26145227761405365,0.28742727162706705,6.234425037184131e-5,0.025974994013013397,1
0.272296121330122,0.2977836585527382,6.0026253939011526e-5,0.025487537222616208,1
0.2677472742860082,0.29542793868809236,7.080085708667671e-5,0.027680664402084165,1
0.26364227360617404,0.2945091317992146,8.803803661581109e-5,0.03086685819304058,1
0.2708843873072045,0.29334338889222994,4.6608635266294665e-5,0.02245900158502545,1
0.2629247316749355,0.29493395780762927,9.467511564663563e-5,0.03200922613269375,1
0.26829947811751,0.29487586284847633,6.526454272053929e-5,0.02657638473096635,1
0.27138698878888945,0.3009859295509122,8.09539108406827e-5,0.02959894076202274,1
0.26933743406429445,0.29420207642086493,5.712811954510546e-5,0.024864642356570488,1
0.2694037984727567,0.29948426044889503,8.360928294537723e-5,0.03008046197613834,1
0.26039639111292173,0.290682165011454,8.475451570040418e-5,0.030285773898532264,1
0.2679088393412698,0.2932080963101336,5.9142683719212605e-5,0.025299256968863815,1
0.26329254602956886,0.29302293390632783,8.167453030227357e-5,0.029730387876758968,1
0.2704802420007068,0.2986143157690671,7.313928977978522e-5,0.0281340737683603,1
0.2700987060675617,0.2945410756258995,5.520419832123011e-5,0.024442369558337784,1
0.272557550069211,0.3002248475706869,7.073249460071111e-5,0.027667297501475896,1
0.2618006237342369,0.29099893823804796,7.877729413040511e-5,0.02919831450381105,1
0.2627224263269616,0.29114677000874484,7.465628693905669e-5,0.02842434368178326,1
0.26539410582850725,0.2905700239748506,5.856742510935744e-5,0.025175918146343346,1
0.26469696507445883,0.29082000361002913,6.30569379044635e-5,0.026123038535570298,1
0.27245305619845717,0.29834973340776316,6.196887075199568e-5,0.025896677209305996,1
0.27532461723189544,0.30356040512718835,7.36690919583227e-5,0.028235787895292908,1
0.2694917293821024,0.293391774451342,5.278164664543006e-5,0.023900045069239595,1
0.27171960738839723,0.2992820868367175,7.01975671642906e-5,0.027562479448320243,1
0.26818603770355776,0.29280166620845594,5.598959848288094e-5,0.02461562850489818,1
0.2596774413369205,0.2884084745816239,7.627601305559568e-5,0.028731033244703386,1
0.27354818421240445,0.30073532200203035,6.829870539255799e-5,0.027187137789625893,1
0.2669975693266626,0.2906909748574856,5.1872893114899935e-5,0.023693405530822997,1
0.26533310800633597,0.29866677174919626,1.0267189913731992e-4,0.03333366374286029,1
0.25860682457058926,0.2872915923480963,7.603055692969927e-5,0.02868476777750706,1
0.26307593303688404,0.2906238395950168,7.012335678686644e-5,0.027547906558132773,1
0.26627194920045033,0.299816808791943,1.0397704048235145e-4,0.03354485959149267,1
0.26406779183591716,0.2890888537525323,5.784914842962739e-5,0.025021061916615128,1
0.26454129116374914,0.28981790802352914,5.9036878423537606e-5,0.02527661685978,1
0.26448170750151806,0.29639332953081915,9.409861990938315e-5,0.03191162202930109,1
0.2737683587800235,0.30293228029656327,7.859181830321659e-5,0.029163921516539792,1
0.2802020296804726,0.3087421020819314,7.526544541795667e-5,0.028540072401458838,1
0.27066557141578673,0.29837716273997517,7.095915356269816e-5,0.027711591324188434,1
0.2702327666399971,0.2965026037098795,6.376762666974977e-5,0.026269837069882396,1
0.2621451265298336,0.2892359399813978,6.781559656309703e-5,0.027090813451564166,1
0.25937707494659235,0.29092116941820145,9.194362545975846e-5,0.03154409447160911,1
0.2637446022702878,0.2922947109142288,7.531838957779437e-5,0.02855010864394103,1
0.26451836955403735,0.29085031190238636,6.40694928395267e-5,0.026331942348349013,1
0.2673409392172391,0.2916394297500514,5.455619658219228e-5,0.0242984905328123,1
0.2591215291172697,0.2883322343250073,7.884416876041571e-5,0.02921070520773761,1
0.26529173840230963,0.29156234693440936,6.377137203268265e-5,0.026270608532099726,1
0.2619707376331313,0.28812756893267766,6.322018434016284e-5,0.02615683129954638,1
0.2750377687240526,0.30943079836151766,1.0930156063960206e-4,0.034393029637465045,1
0.2668754761267782,0.2971413996951009,8.464345010398488e-5,0.030265923568322695,1
0.27041446167065886,0.2947694435948416,5.481016610816084e-5,0.024354981924182728,1
0.26962970502431,0.29690180534658045,6.872625302525937e-5,0.027272100322270454,1
0.26414001003321685,0.2947958129043986,8.683821435710068e-5,0.030655802871181748,1
0.2612323949487092,0.2921392038296641,8.826607772256685e-5,0.030906808880954872,1
0.2635376756347485,0.2934918721662654,8.290884115080039e-5,0.029954196531516875,1
0.26692424961371103,0.2971323198438854,8.43201673262581e-5,0.030208070230174355,1
0.2623424132969122,0.28914805431113566,6.639538436314479e-5,0.026805641014223447,1
0.2573353416180233,0.28480876031213986,6.974465089441637e-5,0.02747341869411657,1
0.2679702075064815,0.29885943686796634,8.816569635040626e-5,0.03088922936148486,1
0.26234140762444275,0.28878513608419926,6.461463165513414e-5,0.02644372845975651,1
0.26837347315935145,0.29718597925702506,7.670921958136134e-5,0.028812506097673607,1
0.2664738290149772,0.2959367041447105,8.021133513825735e-5,0.029462875129733335,1
0.2673395453055927,0.29513213082722356,7.137455220021821e-5,0.027792585521630886,1
0.27618052435057927,0.3004455469699625,5.440601238800291e-5,0.024265022619383236,1
0.26464577125768773,0.29008993829689433,5.9822143619525355e-5,0.0254441670392066,1
0.2745726389579109,0.3040556889670803,8.032122312870175e-5,0.029483050009169398,1
0.2654055493027278,0.3013606272330011,1.1945544868399247e-4,0.035955077930273305,1
0.2681336148858091,0.29716327897354533,7.786988190590397e-5,0.029029664087736218,1
0.26028583293711,0.28279035542120595,4.6797763631421036e-5,0.022504522484095957,1
0.26721146986637223,0.2945742326569303,6.918395511251164e-5,0.02736276279055805,1
0.2639111051829318,0.2941526140445474,8.450694599294019e-5,0.030241508861615585,1
0.26572772476933487,0.2954445773404723,8.16001795681726e-5,0.02971685257113743,1
0.27307538751876304,0.303136176498753,8.349995568650208e-5,0.030060788979989983,1
0.27424312544804735,0.3021017099588365,7.171394066596746e-5,0.027858584510789153,1
0.2674910503467116,0.29279780937733657,5.917776442147754e-5,0.02530675903062496,1
0.26581998822166875,0.29375801606647645,7.212353202789503e-5,0.0279380278448077,1
0.2667003173516497,0.29958864744431113,9.994685676241543e-5,0.032888330092661455,1
0.27301965431382574,0.30187407190732113,7.693254874538564e-5,0.028854417593495385,1
0.27212890757663893,0.2977377621885184,6.0599048366758766e-5,0.02560885461187945,1
0.26671565710485534,0.2924914148349246,6.139151873106411e-5,0.025775757730069238,1
0.2664420205613489,0.2938659524042715,6.949362027311424e-5,0.027423931842922578,1
0.26881714020083164,0.2945024422961889,6.0961388619642774e-5,0.025685302095357243,1
0.27089659974000696,0.29885692416172377,7.223869760659984e-5,0.02796032442171681,1
0.2695540792501737,0.3027867412263534,1.0205064534735714e-4,0.03323266197617969,1
0.27287075680717654,0.29838647083896064,6.015904693438599e-5,0.025515714031784098,1
0.2637671629242762,0.29199407037191255,7.362275986099636e-5,0.02822690744763634,1
0.26861550386112604,0.2988000940348929,8.418913791415063e-5,0.030184590173766845,1
0.2654425601402762,0.2926842996392925,6.85733184038239e-5,0.027241739499016315,1
0.2626185987296286,0.29536745625774924,9.910094659297601e-5,0.03274885752812062,1
0.26526104527036487,0.29597425678250944,8.716376001666528e-5,0.030713211512144567,1
0.26832653626160874,0.29625890435380475,7.209431307201028e-5,0.027932368092196014,1
0.27037818168572897,0.29830725218111637,7.207729167642594e-5,0.027929070495387398,1
0.268655074632159,0.3021139460294191,1.0344465854760121e-4,0.033458871397260115,1
0.2634340525739333,0.2895110411550385,6.283481904806894e-5,0.026076988581105187,1
0.27001563968666104,0.2983210938640681,7.403306856673352e-5,0.02830545417740704,1
0.27201518108033607,0.3007245886789025,7.616123143512819e-5,0.02870940759856644,1
0.2689283984211822,0.2985762317613311,8.122157679954277e-5,0.029647833340148866,1
0.2659072612839027,0.2931447911542298,6.855212695936959e-5,0.027237529870327126,1
0.26895700528616623,0.30206236035345974,1.0127027644599481e-4,0.03310535506729351,1
0.26461621130245827,0.2939746298868048,7.964358699072206e-5,0.029358418584346513,1
0.2712472627766783,0.29998988236809065,7.633754502502112e-5,0.028742619591412333,1
0.2694124276857943,0.29441329638765124,5.775581195169425e-5,0.025000868701856915,1
0.26490723019750784,0.2904020928432749,6.006076342468572e-5,0.025494862645767058,1
0.2704487895486358,0.29980266908620445,7.961896182094191e-5,0.029353879537568628,1
0.27364753496647515,0.305408493060038,9.321218418189555e-5,0.03176095809356283,1
0.25715683020124946,0.2814712164846803,5.462759981224869e-5,0.024314386283430856,1
0.2621017916472204,0.2916080757359288,8.04478670824615e-5,0.029506284088708368,1
0.2676465779216016,0.2987187568676525,8.92131581728936e-5,0.031072178946050855,1
0.2760521439197853,0.2993378946771472,5.0103259985827156e-5,0.023285750757361945,1
0.2522593712832613,0.28124023650255553,7.76083033879518e-5,0.028980865219294216,1
0.2694423186859111,0.29867642451833426,7.897054310176096e-5,0.02923410583242314,1
0.27349409945697295,0.306448152195644,1.0034671502496723e-4,0.032954052738671025,1
0.26525858631620086,0.2936328322096596,7.439335605604216e-5,0.028374245893458716,1
0.2644201339040504,0.28845974559304544,5.339989358541731e-5,0.024039611688995044,1
0.2700286019135398,0.29744834389133507,6.947238723802385e-5,0.027419741977795287,1
0.262827374839949,0.2868212979702506,5.3197107803920636e-5,0.023993923130301575,1
0.2592634158639394,0.28754498053025546,7.390815501080566e-5,0.02828156466631604,1
0.2712788818729935,0.3062238986795786,1.1283816175305211e-4,0.03494501680658513,1
0.2613443048328816,0.2875540438688312,6.34761954472338e-5,0.026209739035949586,1
0.27339374380086384,0.30376629588128085,8.524090774454718e-5,0.030372552080417003,1
0.2609145957655953,0.28731757586158113,6.441564973700469e-5,0.02640298009598585,1
0.26000498562316643,0.28471117864988893,5.6402344319188964e-5,0.0247061930267225,1
0.2705086264810834,0.3015867164122086,8.924710415435094e-5,0.031078089931125152,1
0.2621095424977922,0.28933227619469654,6.847766839697133e-5,0.02722273369690431,1
0.2587888343397961,0.287304864373178,7.51386904943113e-5,0.02851603003338188,1
0.2640101524339663,0.2915810307067005,7.024035481478554e-5,0.02757087827273419,1
0.2637312519487133,0.2883905482174547,5.618842413611074e-5,0.024659296268741415,1
0.26647629549889507,0.29473569353797924,7.379234441074602e-5,0.02825939803908417,1
0.2729600336633274,0.30313403734765737,8.413009380460771e-5,0.030174003684329986,1
0.2603942996670397,0.2867163016524675,6.402112923672426e-5,0.02632200198542778,1
0.26750516819603415,0.2950029695415763,6.986850254561034e-5,0.02749780134554214,1
0.25949117703558816,0.2890787907136963,8.089196292891093e-5,0.029587613678108138,1
0.2662530436966465,0.29410642281353894,7.168714358061661e-5,0.02785337911689245,1
0.26839863115694174,0.2965574145530191,7.32678199223665e-5,0.028158783396077358,1
0.27313629872595585,0.301189573080306,7.271978951300575e-5,0.028053274354350122,1
0.2721382574485742,0.29955237840714727,6.944390662009778e-5,0.027414120958573096,1
0.2661074218686736,0.2931699168305468,6.767389306322168e-5,0.027062494961873185,1
0.26654091549415715,0.29526992014570663,7.626524229535128e-5,0.028729004651549483,1
0.2682369902809237,0.29653529338636503,7.3995665957172e-5,0.028298303105441347,1
0.2730799841877434,0.30095272051282707,7.178681875092916e-5,0.02787273632508369,1
0.2705504230397218,0.297676092904857,6.799021879675523e-5,0.027125669865135205,1
0.26606554950810296,0.2942297473898539,7.329599910155912e-5,0.028164197881750952,1
0.2754104895986682,0.30062443134902583,5.87444693993083e-5,0.025213941750357627,1
0.2654091225346922,0.29270788491721156,6.88606965902919e-5,0.02729876238251938,1
0.2674890922987246,0.29699638434987646,8.045336352609792e-5,0.02950729205115188,1
0.2689073081464858,0.29419559586216226,5.909140866161452e-5,0.025288287715676483,1
0.26984044754850123,0.2979627184039223,7.307793530986621e-5,0.028122270855421072,1
0.25905811662387335,0.2899303994924275,8.80689837076268e-5,0.030872282868554146,1
0.2667863868072161,0.2963919863655161,8.099033891690583e-5,0.0296055995583,1
0.26458884398459825,0.29304382660402617,7.48173194784873e-5,0.028454982619427915,1
0.26957790937959103,0.29813815620424977,7.53718903914399e-5,0.02856024682465874,1
0.2632319064294967,0.28936180011593005,6.309003677530977e-5,0.02612989368643337,1
0.2630576934010419,0.28677029699583345,5.19569893058436e-5,0.023712603594791548,1
0.26571403328696436,0.29384644637555607,7.313065559796906e-5,0.028132413088591712,1
0.259112650846381,0.2857567769492133,6.55976763844832e-5,0.02664412610283229,1
0.27733114141367915,0.3077742731411914,8.563753318910633e-5,0.03044313172751223,1
0.27080962184413065,0.2982360726344115,6.950638713758833e-5,0.027426450790280832,1
0.26392811598305155,0.28869142151166505,5.66634126477639e-5,0.0247633055286135,1
0.27693807539450666,0.30463481656674873,7.088312242786055e-5,0.02769674117224208,1
0.2768667275275374,0.30216987439263643,5.9160872126043525e-5,0.025303146865099047,1
0.26780712829063924,0.2916850244646161,5.268386327635666e-5,0.023877896173976842,1
0.26740438067358674,0.29962707696369295,9.594210680969988e-5,0.03222269629010621,1
0.2605307073992614,0.28850797479380025,7.232627235026548e-5,0.027977267394538874,1
0.2684908141991483,0.2953890772833944,6.685501168481717e-5,0.026898263084246143,1
0.26636199152675066,0.2986874602439137,9.655508639147439e-5,0.03232546871716302,1
0.26783975085272704,0.29751229100227283,8.135700404235274e-5,0.02967254014954579,1
0.2655104161429887,0.29855937554446027,1.0092553825616742e-4,0.03304895940147157,1
0.2686953164437407,0.2990426998525456,8.509969396046282e-5,0.03034738340880494,1
0.26496805679516683,0.2922424054421942,6.873758514149625e-5,0.02727434864702738,1
0.2645085989835328,0.2941888082492678,8.139906427342458e-5,0.029680209265735003,1
0.2662924990727862,0.2931840459670444,6.682162998264156e-5,0.02689154689425821,1
0.2621926577956461,0.2900949695912662,7.193924406957074e-5,0.027902311795620083,1
0.26272110625431216,0.2888841416449069,6.32501780569603e-5,0.026163035390594724,1
0.25737544751438396,0.2816213222737645,5.4320181215137644e-5,0.02424587475938056,1
0.26856602674943963,0.2964130771750604,7.165457056633515e-5,0.027847050425620745,1
0.27471579450946004,0.2980011018686921,5.010135191075587e-5,0.023285307359232066,1
0.2524079859695443,0.2735039977858039,4.112313497294791e-5,0.02109601181625964,0
0.2662833592454752,0.2931851041260306,6.687232065363889e-5,0.02690174488055541,1
0.26987201268944255,0.2980407193541919,7.331946877101534e-5,0.028168706664749354,1
0.26910843393612394,0.3017585849276857,9.850445740929735e-5,0.032650150991561766,1
0.25744275886576723,0.28556819720317667,7.309439813968005e-5,0.028125438337409436,1
0.2675804005928168,0.29510867599663076,7.002344996170065e-5,0.027528275403813973,1
0.26810228177338696,0.2960463847127945,7.215490180967072e-5,0.027944102939407522,1
0.2582392558850132,0.2916880817837546,1.0338255261717784e-4,0.03344882589874143,1
0.2664838064634394,0.2985528184273615,9.502910836503545e-5,0.03206901196392209,1
0.26817854320302614,0.29468855273537675,6.49389500972084e-5,0.02651000953235061,1
0.26245857448493637,0.2889549248780735,6.487204845048664e-5,0.026496350393137136,1
0.25909928549313044,0.2900937702137921,8.876757104429144e-5,0.030994484720661686,1
0.26756452037257183,0.2960545830707856,7.500190685530242e-5,0.028490062698213747,1
0.2651472898029472,0.29787568729655023,9.897715751690029e-5,0.03272839749360301,1
0.26881089206793574,0.2997811720349003,8.862898134017e-5,0.030970279966964553,1
0.26446218053812276,0.29112236251595947,6.567675913830528e-5,0.026660181977836706,1
0.26452794630399723,0.29125205660710807,6.599210875838775e-5,0.026724110303110837,1
0.2700574821915491,0.30291791066171236,9.977734395729231e-5,0.03286042847016324,1
0.26029612059746055,0.2924746447322344,9.567924458252934e-5,0.032178524134773845,1
0.2659166508512185,0.2942620088568709,7.424195305867265e-5,0.02834535800565241,1
0.2702788224204755,0.2953277741587109,5.7978183850149215e-5,0.025048951738235403,1
0.26228329839409925,0.2900522178405355,7.125304955418685e-5,0.027768919446436224,1
0.2710313387669981,0.2962823874401765,5.891750307411047e-5,0.0252510486731784,1
0.26973248460680216,0.29276382510917026,4.901442670723734e-5,0.023031340502368103,1
0.26385918674174175,0.29402661146393944,8.409341134328079e-5,0.03016742472219769,1
0.272304118227118,0.30146314313010336,7.856542943395436e-5,0.029159024902985387,1
0.26417257301815944,0.3044670969994614,1.500298082832472e-4,0.040294523981301955,1
0.26942478900724465,0.29412884692883745,5.6392596177822426e-5,0.024704057921592804,1
0.26211106499176284,0.2898437161347628,7.106704738516967e-5,0.027732651142999942,1
0.26911909154877123,0.29578411526485704,6.570061633117851e-5,0.02666502371608581,1
0.2772016057011413,0.3018548951502873,5.6161053312909005e-5,0.02465328944914602,1
0.271929004582472,0.30617415694960587,1.0836366893987975e-4,0.03424515236713388,1
0.26705858633155555,0.29480073894439873,7.11157522187722e-5,0.027742152612843185,1
0.26195940852767924,0.28527963934936734,5.025174930692818e-5,0.023320230821688104,1
0.2664151885070846,0.29042234398324646,5.3255799050666546e-5,0.024007155476161834,1
0.2606017936419692,0.28684588500478647,6.364269722015803e-5,0.026244091362817246,1
0.2633710409809773,0.29301088269427833,8.117779585647722e-5,0.02963984171330103,1
0.26652241395509213,0.29329518474844807,6.623265049287742e-5,0.026772770793355938,1
0.2587852910852976,0.29166108967834103,9.98707054117271e-5,0.03287579859304346,1
0.2649085047979201,0.290593137812516,6.095821267404473e-5,0.025684633014595892,1
0.2677355650173463,0.2930411599334938,5.91723201757127e-5,0.025305594916147478,1
0.26610805111747465,0.29302445529624216,6.694522063747471e-5,0.026916404178767506,1
0.26419363839436016,0.29168940217900086,6.985814855018925e-5,0.027495763784640692,1
0.26467569541483754,0.29086532974046503,6.337885139784341e-5,0.026189634325627487,1
0.2647643078199918,0.2949130756899105,8.398942943407138e-5,0.030148767869918713,1
0.265619822936188,0.2926818805007757,6.767170552375403e-5,0.027062057564587683,1
0.2649858541381821,0.2943300445296122,7.956640914647571e-5,0.029344190391430103,1
0.26767981308026767,0.2916079876799069,5.2905964123781986e-5,0.02392817459963925,1
0.26306186742232956,0.29157972851912645,7.514834037364544e-5,0.02851786109679688,1
0.26747204188422463,0.2934885047083407,6.25434731841072e-5,0.02601646282411607,1
0.25845033136332995,0.2883283029174213,8.248741882484012e-5,0.02987797155409133,1
0.27073440110912667,0.2977121360132637,6.725064602605202e-5,0.02697773490413702,1
0.27265631307560023,0.29953298342124657,6.674771826110443e-5,0.026876670345646336,1
0.2724428806540721,0.3047203888029142,9.626878573337361e-5,0.032277508148842116,1
0.26919323828866204,0.29676579561241645,7.024891027169871e-5,0.02757255732375441,1
0.262343623902175,0.28865602631906806,6.397444105919933e-5,0.026312402416893033,1
0.2650217975547325,0.2948672837436552,8.230814446029641e-5,0.029845486188922687,1
0.26575502059445105,0.300440759499139,1.1116994642453792e-4,0.03468573890468796,1
0.2666302915967353,0.2954013081973101,7.648845881384226e-5,0.028771016600574795,1
0.2699732237931777,0.3013937895589943,9.122492114750524e-5,0.031420565765816644,1
0.2656176272568208,0.29321181273575025,7.035916121518589e-5,0.027594185478929445,1
0.2712422006768305,0.2980265740451222,6.629006971280667e-5,0.026784373368291647,1
0.27050702263510124,0.29526612634698196,5.664418507931729e-5,0.024759103711880726,1
0.2714998416745251,0.2986362503158124,6.80440627216925e-5,0.027136408641287302,1
0.27216702408122107,0.30097624042327464,7.669170356392838e-5,0.02880921634205358,1
0.2687612771215607,0.2994765566486868,8.717549841986569e-5,0.03071527952712605,1
0.2717958000009335,0.3031416901557522,9.079181745451542e-5,0.0313458901548187,1
0.2669619960198782,0.2932674202481244,6.394051283676024e-5,0.02630542422824622,1
0.2702577433067428,0.29809548110335327,7.16066530422751e-5,0.027837737796610473,1
0.2652302386269483,0.2977031318370241,9.743779866451592e-5,0.03247289321007585,1
0.26808353145578845,0.3022983931292116,1.0817205297141322e-4,0.034214861673423136,1
0.2616522399366964,0.29232643500521105,8.694244419517906e-5,0.030674195068514654,1
0.26084395670798316,0.28825522874464043,6.942947391311161e-5,0.027411272036657275,1
0.26591946204988,0.2962894319833272,8.522641471183341e-5,0.030369969933447205,1
0.26742629718338273,0.29777993972373196,8.513480111293813e-5,0.030353642540349224,1
0.27665558741367763,0.30391321093043006,6.865330869629548e-5,0.027257623516752427,1
0.26551326010594056,0.2978881107453144,9.685031599984059e-5,0.03237485063937384,1
0.27274543850952804,0.3010408282020336,7.39804304971363e-5,0.028295389692505557,1
0.2674854207048263,0.2953648484167105,7.182129050317305e-5,0.02787942771188423,1
0.2696951428450155,0.29649376888347634,6.636063786576568e-5,0.026798626038460838,1
0.26635994528544993,0.2903470289546026,5.31667844846449e-5,0.023987083669152698,1
0.27002976629749015,0.300061646091967,8.333943062572798e-5,0.030031879794476857,1
0.26106075316349997,0.2957446904353468,1.1115839803426979e-4,0.03468393727184682,1
0.2705184449786451,0.2978271749612593,6.89109919981565e-5,0.027308729982614244,1
0.26893687185966136,0.2988193264271399,8.25121741831324e-5,0.02988245456747851,1
0.26246435666753487,0.29044311936393286,7.23340038058162e-5,0.027978762696397985,1
0.2728257375763799,0.30397362862942107,8.964845081156717e-5,0.031147891053041166,1
0.26840475988830936,0.29421876359390453,6.157383891800004e-5,0.025814003705595168,1
0.26449337802277895,0.29035522794702817,6.180230449560599e-5,0.025861849924249225,1
0.2666909064681812,0.2983253960753918,9.24713416812697e-5,0.0316344896072106,1
0.2675984127077866,0.2935588207309032,6.227425248950858e-5,0.02596040802311661,1
0.26447960024960704,0.2886542531705717,5.4001520744794305e-5,0.024174652920964657,1
0.2718615092586791,0.3042170526647628,9.673483413455177e-5,0.03235554340608371,1
0.2735192211104424,0.2986352444960603,5.828908696255057e-5,0.025116023385617914,1
0.26649806571194284,0.29891908590339006,9.71267481088811e-5,0.032421020191447214,1
0.2623287239955572,0.2894630476147173,6.80336068114898e-5,0.027134323619160128,1
0.27238077277852624,0.2947235809965405,4.612761609052324e-5,0.022342808218014265,1
0.25887723502099447,0.2855119815394349,6.55514995543441e-5,0.026634746518440444,1
0.2674337915252721,0.2946574907454175,6.84825259512179e-5,0.027223699220145448,1
0.26500665855079836,0.2989353088007857,1.0636987793001959e-4,0.03392865024998737,1
0.2692865633140662,0.29882518550563497,8.062430115985371e-5,0.029538622191568775,1
0.2657278672315662,0.29302180442259,6.883635580311038e-5,0.027293937191023798,1
0.27059487959328926,0.29677867101627003,6.335057493203238e-5,0.026183791422980773,1
0.27146004357917863,0.3000016986946269,7.527379346800782e-5,0.02854165511544826,1
0.2631366000023857,0.29643717208823483,1.0246814734820088e-4,0.033300572085849134,1
0.2710946143738874,0.29321721336691486,4.522283549590334e-5,0.022122598993027487,1
0.26757749720415125,0.2966641570114813,7.817595550597243e-5,0.02908665980733005,1
0.26465743574760026,0.2998405201638269,1.1438084899039235e-4,0.03518308441622664,1
0.26453686484428,0.2882708046969113,5.2050531666350334e-5,0.02373393985263128,1
0.26889920733060985,0.29404154062955995,5.8411270641266424e-5,0.025142333298950104,1
0.2667464568771833,0.2936461717368553,6.686222858815559e-5,0.02689971485967202,1
0.2705005264260911,0.298863463574773,7.433406793765975e-5,0.028362937148681877,1
0.26577680896586764,0.2908664838670939,5.816685236531256e-5,0.025089674901226267,1
0.2686094814484468,0.2935874356590103,5.7649988544871235e-5,0.02497795421056348,1
0.2759674067008759,0.3034935898679126,7.001280635488684e-5,0.0275261831670367,1
0.2701652105976783,0.2986973172288644,7.522343686451335e-5,0.028532106631186105,1
0.2602209327946957,0.2899642051646042,8.17453375154113e-5,0.02974327236990848,1
0.2638824223222025,0.29558700861744247,9.288159746896347e-5,0.03170458629523998,1
0.27288469210185096,0.3021108709644046,7.892772241497436e-5,0.02922617886255363,1
0.27811474785707607,0.30533961462380105,6.84884001164323e-5,0.027224866766724976,1
0.2701736119646192,0.30538747872896044,1.1458108449706758e-4,0.03521386676434124,1
0.2643309604636782,0.2914730704323957,6.807265767980998e-5,0.027142109968717465,1
0.2727440180227135,0.3057943205557592,1.0093374178414948e-4,0.03305030253304575,1
0.26391798375243236,0.2913220999705176,6.939322897933383e-5,0.02740411621808525,1
0.2655648141914083,0.2930394738931861,6.975095193775703e-5,0.02747465970177776,1
0.2557836445391229,0.2851856020506776,7.987998716142443e-5,0.02940195751155472,1
0.26379303862877024,0.29223082926357224,7.472694025341606e-5,0.028437790634802007,1
0.2693475480566071,0.29651567885261865,6.820324118541785e-5,0.027168130796011547,1
0.2514379973354853,0.27723293480369277,6.148291556559028e-5,0.02579493746820749,0
0.2687181142902472,0.29285943453765545,5.3852705858940097e-5,0.024141320247408227,1
0.2675329569219108,0.2934239168060099,6.194151148314816e-5,0.025890959884099063,1
0.26757690691549596,0.2949030734846262,6.899901923895674e-5,0.027326166569130228,1
0.2622450722297344,0.288006956392903,6.132544966445717e-5,0.025761884163168602,1
0.2606271447177672,0.29102448715051094,8.53801133349769e-5,0.030397342432743724,1
0.2682575466433075,0.29909974854667687,8.789744411684613e-5,0.030842201903369393,1
0.2632656220395953,0.2931566083147738,8.255929683465754e-5,0.0298909862751785,1
0.26864602682706745,0.29949723340483664,8.794877660008051e-5,0.030851206577769186,1
0.2634632783938523,0.29110374659923866,7.059538088886568e-5,0.027640468205386348,1
0.2651250170762773,0.2895498763034426,5.512513090150188e-5,0.024424859227165308,1
0.26517290363247475,0.29019672182497164,5.786189425115905e-5,0.025023818192496883,1
0.27974227555241016,0.3086639727345013,7.729173288885971e-5,0.028921697182091144,1
0.2701853133938575,0.2986251451507848,7.473766768909288e-5,0.028439831756927325,1
0.2670101094235637,0.2921666684022138,5.8477388220132185e-5,0.0251565589786501,1
0.2616270905096326,0.2970681744541742,1.1606452201522768e-4,0.035441083944541596,1
0.26407408153577844,0.2911156269750839,6.756915866931743e-5,0.02704154543930548,1
0.2741071279334526,0.3012214337267659,6.793326286632403e-5,0.02711430579331331,1
0.265542588329896,0.29316066508545097,7.048104905884342e-5,0.027618076755554943,1
0.2656352655835305,0.294223295339578,7.551860275017379e-5,0.02858802975604746,1
0.27460871754310495,0.30697552962322033,9.680222679880844e-5,0.03236681208011538,1
0.2649354179779082,0.293036758989779,7.29692000945404e-5,0.028101341011870784,1
0.2605682296926953,0.2922493893577483,9.27443871030121e-5,0.03168115966505303,1
0.27201285114497376,0.29741011449927246,5.96017950581451e-5,0.025397263354298705,1
0.26854492131367186,0.2987745716786527,8.44406841632599e-5,0.03022965036498082,1
0.2602089527786375,0.2877102837301227,6.988644027859412e-5,0.027501330951485214,1
0.27553393471650384,0.29974021772934706,5.4142924262675615e-5,0.02420628301284322,1
0.26993854424720704,0.2981764235928523,7.368000583507693e-5,0.028237879345645256,1
0.26898005249448204,0.2950549963088283,6.282496534034021e-5,0.026074943814346274,1
0.2682563958719975,0.29810938927147207,8.234955657060775e-5,0.02985299339947456,1
0.26109303344830986,0.2875358687040111,6.461026668244149e-5,0.026442835255701236,1
0.2630302240088689,0.2879777863675591,5.7509782988204636e-5,0.024947562358690223,1
0.26960104423540693,0.29907279318791874,8.025965957089842e-5,0.02947174895251181,1
0.26529334693829765,0.29089648919294286,6.057201671621018e-5,0.025603142254645217,1
0.2623286695746659,0.28774727657296667,5.970201483513869e-5,0.025418606998300786,1
0.26347273629670603,0.2949511998989017,9.156142634253656e-5,0.03147846360219564,1
0.2637979144926784,0.2942081961412465,8.5452816193487465e-05,0.03041028164856807,1
0.26308180355996685,0.29067715162757285,7.036509003575894e-5,0.027595348067605996,1
0.2741609948880691,0.30732764477728647,1.0164562901482908e-4,0.03316664988921736,1
0.2705276153956743,0.3003978826958387,8.244488433855036e-5,0.0298702673001644,1
0.270115547277878,0.29769407160715133,7.027931883971693e-5,0.027578524329273324,1
0.26146582880232033,0.28651744781408933,5.7990531824654924e-5,0.025051619011769,1
0.2630185186501647,0.2889111959116528,6.19497290602323e-5,0.02589267726148814,1
0.261974021311488,0.2903754679071962,7.453605739614386e-5,0.028401446595708202,1
0.25252010939323205,0.28106564374005877,7.529425649331379e-5,0.028545534346826718,1
0.2609721307719832,0.2878200208741757,6.660484438425021e-5,0.026847890102192462,1
0.2680885960353311,0.2929949221733368,5.731982245135551e-5,0.024906326138005697,1
0.2732674738054129,0.29600101736036527,4.775510090057991e-5,0.022733543554952385,1
0.27096796526159056,0.2977242287456959,6.615100143255913e-5,0.026756263484105314,1
0.26183778949127356,0.28957590747353534,7.10950685372674e-5,0.02773811798226178,1
0.2713787699521781,0.30403841415207095,9.856174714630754e-5,0.03265964419989287,1
0.2637715182058106,0.29069601510717635,6.698548237086374e-5,0.02692449690136578,1
0.2579292580881129,0.2880843540535342,8.402469116761978e-5,0.03015509596542132,1
0.2644179608473976,0.2978862146413694,1.035026817183591e-4,0.03346825379397178,1
0.2708500691922349,0.30141211035113075,8.630783201653771e-5,0.030562041158895825,1
0.2637873745660057,0.2869755059418358,4.968405108120248e-5,0.02318813137583009,1
